55039,Kingfish B,-38.6,148.19,31.4,IDV60701:IDV60801
89512,Novolazarevskaja,-70.77,11.83,102,IDT60803
89532,Syowa,-69,39.58,21,IDT60803
89564,Mawson*,-67.6,62.88,9.9,IDT60803
89570,Whoop Whoop*,-68.47,78.87,577,IDT60803
89571,Davis*,-68.57,77.97,18,IDT60803
89592,Mirnyj,-66.55,93.02,35,IDT60803
89610,Cape Poinsett*,-65.84,113.07,90,IDT60803
89611,Casey*,-66.28,110.52,40,IDT60803
89615,Wilkins Runway*,-66.68,111.53,753,IDT60803
89642,Dumont D'urville,-66.66,140.01,43,IDT60803
89664,McMurdo,-77.85,166.67,24,IDT60803
89767,Amery*,-70.89,69.87,84,IDT60803
89811,Law Dome*,-66.73,112.83,1366,IDT60803
94100,Kalumburu,-14.3,126.65,23,IDD60801:IDW60701:IDW60801
94102,Troughton Island,-13.75,126.15,6,IDD60701:IDD60801:IDW60701:IDW60801
94103,Browse Island,-14.11,123.55,3.7,IDD60701:IDW60701:IDW60801
94105,Noonamah,-12.61,131.05,17.5,IDD60801:IDD60901
94106,Ngukurr AWS,-14.72,134.75,14.46,IDD60801
94108,Croker Island Airport,-11.16,132.48,9.2,IDD60701:IDD60801
94109,Murganella Airstrip,-11.55,132.93,9.5,IDD60801
94110,Oenpelli Airport,-12.33,133.01,7.5,IDD60801
94112,Mount Bundey South (Defence),-13.09,131.85,55,IDD60801
94116,Dum In Mirrie,-12.63,130.37,3.5,IDD60701:IDD60801:IDD60901
94117,Mango Farm,-13.74,130.68,15.2,IDD60801
94119,Pirlangimpi,-11.4,130.42,18.3,IDD60701:IDD60801:IDD60901
94120,Darwin Airport,-12.42,130.89,30.4,IDD60701:IDD60801:IDD60901
94121,Channel Point,-13.17,130.12,3,IDD60701:IDD60801:IDD60901
94122,Point Fawcett,-11.76,130.03,6.5,IDD60701:IDD60801:IDD60901
94125,Batchelor,-13.05,131.03,104,IDD60801:IDD60901
94127,Point Stuart,-12.24,131.88,1,IDD60701:IDD60801:IDD60901
94128,Douglas River,-13.83,131.19,42.8,IDD60801
94130,Bradshaw,-14.94,130.81,75,IDD60801
94131,Tindal,-14.52,132.38,133.6,IDD60801
94132,Katherine,-14.47,132.26,106,IDD60801
94134,Black Point,-11.15,132.14,5,IDD60701:IDD60801:IDD60901
94135,McCluer Island,-11.05,132.98,1.4,IDD60701:IDD60801
94137,Jabiru,-12.66,132.89,26.5,IDD60801
94139,Warruwi,-11.65,133.38,19.2,IDD60701:IDD60801
94140,Milingimbi,-12.09,134.89,15,IDD60701:IDD60801
94141,Central Arnhem Plateau,-13.33,133.09,416,IDD60801
94143,Bulman,-13.67,134.34,103.4,IDD60801
94147,Cape Wessel,-11,136.76,18,IDD60701:IDD60801
94150,Gove Airport,-12.27,136.82,51.6,IDD60701:IDD60801
94152,Borroloola,-16.08,136.3,16.1,IDD60801
94153,Groote Eylandt Airport,-13.97,136.46,13.7,IDD60701:IDD60801
94161,Kangaroo Flats (Defence),-12.79,130.85,50,IDD60801
94162,Mount Bundey North (Defence),-12.91,131.87,83,IDD60801
94170,Weipa,-12.68,141.92,17.96,IDQ60701:IDQ60801
94171,Scherger,-12.62,142.09,39.34,IDQ60801
94174,Horn Island,-10.58,142.29,4,IDQ60701:IDQ60801
94181,Thursday Island,-10.59,142.22,3,IDQ60701:IDQ60801
94182,Coconut Island,-10.05,143.07,3.5,IDQ60701:IDQ60801
94183,Coen Airport,-13.76,143.12,159.3,IDQ60801
94186,Lockhart River,-12.79,143.3,18.5,IDQ60701:IDQ60801
94188,Cape Flattery,-14.97,145.31,18.5,IDQ60701:IDQ60801
94200,Mandora,-19.74,120.84,7.5,IDW60701:IDW60801
94201,Cygnet Bay,-16.45,123.01,7,IDW60701:IDW60801
94202,Bidyadanga,-18.68,121.78,11,IDW60701:IDW60801
94203,Broome,-17.95,122.24,7.42,IDW60701:IDW60801
94204,Curtin,-17.58,123.83,77.5,IDW60801
94206,Fitzroy Crossing,-18.18,125.56,114.5,IDW60801
94207,Rowley Shoals,-17.52,118.95,0,IDW60701:IDW60801
94210,Adele Island,-15.51,123.16,4.6,IDW60701:IDW60801
94211,Mount Elizabeth,-16.42,126.1,546,IDW60801
94212,Halls Creek,-18.23,127.67,409.4,IDD60801:IDW60801
94213,Warmun,-17.02,128.22,203,IDW60801
94215,Doongan,-15.38,126.31,385,IDW60801
94216,Kununurra Airport,-15.78,128.71,44,IDD60801:IDW60801
94217,Argyle,-16.64,128.45,164,IDD60801:IDW60801
94220,Timber Creek,-15.66,130.48,20.08,IDD60801
94221,Bradshaw-Angallari Valley (Defence),-15.44,130.57,60,IDD60801
94222,Bradshaw-Koolendong Valley,-15.19,130.12,42,IDD60801
94225,Delamere,-15.74,131.92,221,IDD60801
94229,Wave Hill (Kalkarindji),-17.39,131.12,196,IDD60801
94231,Lajamanu,-18.33,130.64,315.6,IDD60801
94232,Victoria River Downs,-16.4,131.01,88.5,IDD60801
94234,Daly Waters,-16.26,133.38,209.84,IDD60801
94236,Elliott,-17.56,133.54,220,IDD60801
94238,Tennant Creek,-19.64,134.18,375.7,IDD60801
94239,McArthur River Mine,-16.44,136.08,40,IDD60801
94242,Brunette Downs,-18.64,135.94,218,IDD60801
94248,Centre Island,-15.74,136.82,12.2,IDD60701:IDD60801
94254,Mornington Island Airport,-16.66,139.17,9.52,IDQ60701:IDQ60801
94255,Camooweal,-19.92,138.12,231.2,IDD60801:IDQ60801
94257,Sweers Island,-17.11,139.6,4,IDQ60701:IDQ60801
94258,Wollogorang,-17.21,137.95,60,IDD60801
94260,Burketown Airport,-17.75,139.54,5.7,IDQ60801
94261,Century Mine,-18.76,138.71,126.8,IDQ60801
94266,Normanton,-17.69,141.07,18.42,IDQ60801
94268,Kowanyama,-15.48,141.75,9.6,IDQ60701:IDQ60801
94271,Townsville Air Weapons Range (Defence),-19.3,146.24,385.45,IDQ60801
94272,Mount Stuart (Defence),-19.41,146.76,176.36,IDQ60801
94273,Townsville - Fanning River (Defence),-19.78,146.5,325.83,IDQ60801
94274,Georgetown Airport,-18.3,143.53,301.77,IDQ60801
94276,Palmerville,-16,144.08,203.8,IDQ60801
94280,Innisfail Aero,-17.56,146.01,11.84,IDQ60701:IDQ60801
94284,Arlington Reef,-16.72,146.11,0,IDQ60701:IDQ60801
94285,Low Isles,-16.38,145.56,2.9,IDQ60701:IDQ60801
94287,Cairns,-16.87,145.75,2.22,IDQ60701:IDQ60801
94288,Cairns Racecourse,-16.95,145.75,4.1,IDQ60801
94289,Holmes Reef,-16.47,147.87,1.9,IDQ60701:IDQ60801
94290,Flinders Reef,-17.72,148.45,2.6,IDQ60701:IDQ60801
94291,Innisfail,-17.52,146.03,10,IDQ60801
94292,Cardwell,-18.25,146.02,5,IDQ60701:IDQ60801
94293,Lihou Reef Lighthouse,-17.13,152.15,10.26,IDQ60701:IDQ60801
94294,Townsville,-19.25,146.77,4.34,IDQ60701:IDQ60801
94295,Lucinda,-18.52,146.39,10,IDQ60701:IDQ60801
94297,Cape Ferguson,-19.28,147.06,0,IDQ60701:IDQ60801
94298,Marion Reef,-19.1,152.39,2,IDQ60701:IDQ60801
94299,Willis Island,-16.29,149.97,9.29,IDQ60701:IDQ60801
94300,Carnarvon,-24.89,113.67,4,IDW60701:IDW60801
94302,Learmonth,-22.24,114.1,5,IDW60701:IDW60801
94303,Thevenard Island,-21.46,115.02,5,IDW60701:IDW60801
94306,Mardie,-21.19,115.98,11,IDW60701:IDW60801
94307,Legendre Island,-20.36,116.84,29,IDW60701:IDW60801
94308,Roebourne Airport,-20.76,117.16,10.7,IDW60701:IDW60801
94310,Bedout Island,-19.59,119.1,8.6,IDW60701:IDW60801
94311,Pardoo,-20.11,119.58,9,IDW60701:IDW60801
94312,Port Hedland,-20.37,118.63,6.4,IDW60701:IDW60801
94316,Paraburdoo,-23.17,117.75,423.7,IDW60801
94317,Newman Airport,-23.42,119.8,524,IDW60801
94319,Telfer,-21.71,122.23,291.9,IDW60801
94321,Walungurru (Kintore),-23.27,129.38,454.3,IDD60801
94323,Watarrka,-24.29,131.55,614,IDD60801
94324,Yuendumu,-22.26,131.8,667,IDD60801
94326,Alice Springs Airport,-23.8,133.89,546,IDD60801
94327,Jervois,-22.95,136.14,328,IDD60801
94328,Territory Grape Farm,-22.45,133.64,565.6,IDD60801
94330,Karijini North,-22.3,118.45,474,IDW60801
94332,Mount Isa,-20.68,139.49,340.3,IDQ60801
94333,Boulia,-22.91,139.9,161.8,IDQ60801
94334,Bedourie,-24.36,139.47,91.4,IDQ60801
94335,Cloncurry,-20.67,140.5,186,IDQ60801
94336,The Monument,-21.81,139.93,288.4,IDQ60801
94337,Julia Creek,-20.67,141.72,122.5,IDQ60801
94338,Trepell,-21.84,140.89,266.2,IDQ60801
94341,Richmond,-20.7,143.12,206.3,IDQ60801
94342,Winton,-22.36,143.08,192.2,IDQ60801
94343,Hughenden,-20.82,144.23,316.4,IDQ60801
94344,Urandangi,-21.6,138.37,178.6,IDQ60801
94345,Isisford,-24.26,144.44,203,IDQ60801
94346,Longreach,-23.44,144.28,192.2,IDQ60801
94347,Carters Bore,-20.94,139.3,396,IDQ60801
94348,Lake Julius,-20.12,139.73,237,IDQ60801
94349,New May Downs,-20.59,139.34,392,IDQ60801
94350,Barcaldine,-23.55,145.29,266.9,IDQ60801
94352,Mackay Racecourse,-21.17,149.15,10.31,IDQ60701:IDQ60801
94355,Tambo,-24.88,146.26,395.14,IDQ60801
94356,Charters Towers,-20.05,146.27,289.78,IDQ60801
94360,Collinsville,-20.55,147.85,196,IDQ60801
94363,Emerald,-23.57,148.18,189.4,IDQ60801
94365,Proserpine,-20.49,148.56,19.7,IDQ60701:IDQ60801
94367,Mackay,-21.12,149.22,30.26,IDQ60701:IDQ60801
94368,Hamilton Island,-20.37,148.95,58.66,IDQ60701:IDQ60801
94370,Samuel Hill,-22.74,150.66,31,IDQ60701:IDQ60801
94371,Creal Reef,-20.53,150.38,1.7,IDQ60701:IDQ60801
94372,Middle Percy Island,-21.66,150.27,208.7,IDQ60701:IDQ60801
94373,Yeppoon,-23.14,150.75,5.5,IDQ60701:IDQ60801
94374,Rockhampton,-23.38,150.48,10.4,IDQ60801
94376,Biloela,-24.49,150.57,193.1,IDQ60801
94377,Monto Township,-24.86,151.12,239,IDQ60801
94378,Rundle Island,-23.53,151.28,19.8,IDQ60701:IDQ60801
94379,Gannett Cay,-21.98,152.47,2.3,IDQ60701:IDQ60801
94380,Gladstone,-23.86,151.26,74.5,IDQ60701:IDQ60801
94381,Gladstone Airport,-23.87,151.22,16.6,IDQ60801
94383,Bowen Airport AWS,-20.02,148.21,5.9,IDQ60701:IDQ60801
94384,Seventeen Seventy,-24.16,151.89,41,IDQ60701:IDQ60801
94386,Heron Island,-23.44,151.91,3.3,IDQ60701:IDQ60801
94387,Bundaberg,-24.91,152.32,30.82,IDQ60701:IDQ60801
94388,Lady Elliot Island,-24.11,152.72,3.6,IDQ60701:IDQ60801
94390,Sandy Cape,-24.73,153.21,99.1,IDQ60701:IDQ60801
94393,Frederick Reef,-20.94,154.4,4.9,IDQ60701:IDQ60801
94394,Cato Island,-23.25,155.54,6.3,IDQ60701:IDQ60801
94395,Clermont Airport,-22.78,147.62,270.27,IDQ60801
94396,Rolleston Airport,-24.46,148.63,219.45,IDQ60801
94397,Moranbah Airport,-22.06,148.08,232.2,IDQ60801
94398,Blackwater Airport,-23.6,148.81,192.95,IDQ60801
94399,Lochington,-23.94,147.53,267.19,IDQ60801
94401,Kalbarri,-27.71,114.17,6,IDW60701:IDW60801
94402,Denham,-25.93,113.53,6,IDW60701:IDW60801
94403,Geraldton Airport,-28.8,114.7,29.7,IDW60701:IDW60801
94404,Paynes Find,-29.27,117.68,339,IDW60801
94405,North Island,-28.3,113.59,2.2,IDW60701:IDW60801
94407,Borrona Downs,-29.76,143.11,121,IDN60801
94410,Gascoyne Junction,-25.05,115.21,144,IDW60801
94411,Mullewa,-28.54,115.51,268,IDW60801
94415,Carnamah,-29.69,115.89,268,IDW60801
94417,Morawa Airport,-29.2,116.02,271.4,IDW60801
94418,Canungra (Defence),-28.04,153.19,108.15,IDQ60801:IDQ60901
94419,Greenbank (Defence),-27.69,152.99,41.46,IDQ60801:IDQ60901
94420,Tin Can Bay (Defence),-25.94,152.96,31.26,IDQ60801:IDQ60901
94422,Murchison,-26.9,115.96,287,IDW60801
94429,Mount Magnet Airport,-28.12,117.84,407,IDW60801
94430,Meekatharra,-26.61,118.54,517,IDW60801
94444,Bulga Downs,-28.5,119.74,438.5,IDW60801
94449,Laverton,-28.61,122.42,464.3,IDW60801
94450,Leonora Airport,-28.88,121.32,370,IDW60801
94451,Carnegie,-25.8,122.98,448,IDW60801
94457,Warburton,-26.13,126.58,459,IDD60801:IDW60801
94461,Giles*,-25.03,128.3,598,IDD60801:IDW60801
94462,Yulara,-25.19,130.97,492,IDD60801
94463,Curtin Springs,-25.31,131.76,489.6,IDD60801
94466,Kulgera,-25.84,133.3,508.6,IDD60801
94474,Ernabella/Pukatja,-26.26,132.18,703.2,IDD60801:IDS60801
94476,Oodnadatta,-27.56,135.45,116.5,IDS60801
94489,Windorah,-25.41,142.66,132.16,IDQ60801
94497,Wanaaring,-29.7,144.15,108,IDN60801
94498,Lightning Ridge,-29.43,147.97,154,IDN60801
94500,Cunnamulla,-28.07,145.68,188.77,IDQ60801
94510,Charleville,-26.41,146.26,301.6,IDQ60801
94511,Injune,-25.84,148.57,390.04,IDQ60801
94513,Bollon,-28.03,147.48,182.9,IDQ60801
94514,Mitchell,-26.49,147.98,336.5,IDQ60801
94515,Roma,-26.55,148.77,307.38,IDQ60801
94517,St George,-28.05,148.59,198.5,IDQ60801
94520,Mungindi,-28.98,148.99,160,IDN60801
94521,Surat,-27.16,149.07,245.7,IDQ60801
94525,Taroom,-25.64,149.8,199,IDQ60801
94530,Goondiwindi,0,0,0,IDN60801:IDQ60801
94541,Inverell RS,-29.78,151.08,664,IDN60801
94542,Dalby,-27.16,151.26,343.9,IDQ60801
94544,Pindari Dam,-29.39,151.24,462,IDN60801
94547,Maleny,0,0,0,IDQ60801
94549,Kingaroy,-26.57,151.84,433.67,IDQ60801:IDQ60901
94550,Stanthorpe,-28.66,151.93,784.19,IDQ60801
94552,Oakey,-27.4,151.74,405.69,IDQ60801:IDQ60901
94553,Applethorpe,-28.62,151.95,871.6,IDN60801:IDQ60801
94555,Warwick,-28.21,152.1,475.4,IDQ60801:IDQ60901
94556,Tenterfield,-29.05,152.02,838,IDN60801
94561,Redland (Alexandra Hills),-27.54,153.24,50.53,IDQ60701:IDQ60801:IDQ60901
94562,Gatton,-27.54,152.34,89,IDQ60801:IDQ60901
94564,Rainbow Beach,-25.9,153.09,14.4,IDQ60701:IDQ60801:IDQ60901
94566,Gympie,-26.18,152.64,64.5,IDQ60801:IDQ60901
94567,Maryborough,-25.51,152.72,8.98,IDQ60801
94568,Amberley,-27.63,152.71,24.2,IDQ60801:IDQ60901
94569,Sunshine Coast Airport,-26.6,153.09,3.42,IDQ60701:IDQ60801:IDQ60901
94570,Tewantin,-26.39,153.04,6.4,IDQ60701:IDQ60801:IDQ60901
94572,Lismore Airport,-28.83,153.26,9.21,IDN60801
94573,Casino,-28.88,153.06,20.9,IDN60801
94575,Archerfield,-27.57,153.01,12.5,IDQ60801:IDQ60901
94576,Brisbane,-27.48,153.04,8.13,IDQ60801:IDQ60901
94578,Brisbane Airport,-27.39,153.13,4.51,IDQ60701:IDQ60801:IDQ60901
94580,Gold Coast Seaway,-27.94,153.43,2.98,IDQ60701:IDQ60801:IDQ60901
94581,Spitfire Channel,-27.05,153.27,7,IDQ60701:IDQ60801:IDQ60901
94582,Murwillumbah,-28.34,153.38,8,IDN60801
94584,Double Island Point,-25.93,153.19,95.64,IDQ60701:IDQ60801:IDQ60901
94587,Tabulam,-28.76,152.45,555,IDN60801
94588,Glen Innes Airport,-29.68,151.69,1044.3,IDN60801
94589,Yamba,-29.43,153.36,27.4,IDN60701:IDN60801
94590,Inner Beacon,-27.26,153.24,10,IDQ60701:IDQ60801:IDQ60901
94591,Banana Bank,-27.53,153.33,7,IDQ60701:IDQ60801:IDQ60901
94592,Coolangatta,-28.17,153.51,4,IDN60701:IDN60801:IDQ60701:IDQ60801:IDQ60901
94593,Point Lookout,-27.44,153.55,41,IDQ60701:IDQ60801:IDQ60901
94594,Cape Moreton,-27.03,153.47,99.9,IDQ60701:IDQ60801:IDQ60901
94596,Ballina,-28.84,153.56,1.3,IDN60701:IDN60801
94598,Evans Head,-29.18,153.4,62.5,IDN60701:IDN60801
94599,Cape Byron,-28.64,153.64,95,IDN60701:IDN60801
94600,Cape Naturaliste,-33.54,115.02,109,IDW60701:IDW60801
94601,Cape Leeuwin,-34.37,115.14,13,IDW60701:IDW60801
94602,Rottnest Island,-32.01,115.5,43.1,IDW60701:IDW60801:IDW60901
94603,Badgingarra,-30.34,115.54,275,IDW60801
94604,Bunbury,-33.36,115.64,5.2,IDW60701:IDW60801
94605,Mandurah,-32.52,115.71,3,IDW60701:IDW60801:IDW60901
94607,Ocean Reef,-31.76,115.73,10,IDW60701:IDW60801:IDW60901
94608,Perth,-31.92,115.87,24.9,IDW60801:IDW60901
94609,Jandakot,-32.1,115.88,30,IDW60801:IDW60901
94610,Perth Airport,-31.93,115.98,15.4,IDW60801:IDW60901
94612,Pearce,-31.67,116.02,40,IDW60801:IDW60901
94614,Swanbourne,-31.96,115.76,40.96,IDW60701:IDW60801:IDW60901
94615,Gooseberry Hill,-31.94,116.05,220,IDW60801:IDW60901
94617,Manjimup,-34.25,116.14,286.7,IDW60801
94620,Dwellingup,-32.71,116.06,267,IDW60801
94621,Northam,-31.65,116.66,170,IDW60801
94622,Wongan Hills,-30.89,116.72,283,IDW60801
94623,York,-31.9,116.77,179,IDW60801
94625,Brookton,-32.37,117.01,250,IDW60801
94627,Narrogin,-32.93,117.18,338,IDW60801
94628,Newdegate,-33.11,118.84,320,IDW60801
94630,Mount Barker,-34.62,117.64,300,IDW60801
94631,Rocky Gully South,-34.57,117.01,250,IDW60801
94632,Bencubbin,-30.81,117.86,359,IDW60801
94633,Corrigin,-32.33,117.87,295,IDW60801
94636,Ravensthorpe,-33.58,120.05,232,IDW60801
94637,Kalgoorlie-Boulder,-30.78,121.45,365.3,IDW60801
94638,Esperance,-33.83,121.89,25,IDW60701:IDW60801
94640,Windy Harbour,-34.84,116.03,4.5,IDW60701:IDW60801
94641,Katanning RS,-33.69,117.61,320,IDW60801
94642,Balladonia,-32.46,123.87,151,IDW60801
94644,Red Rocks Point,-32.2,127.53,3.1,IDW60701:IDW60801
94645,Eyre,-32.25,126.3,5.6,IDW60701:IDW60801
94647,Eucla,-31.68,128.9,93.1,IDS60701:IDW60701:IDW60801
94648,Adelaide (West Terrace /  ngayirdapira),-34.93,138.58,29.32,IDS60801:IDS60901
94650,Maitland Airport,-32.7,151.49,27.5,IDN60801
94651,Nullarbor,-31.45,130.9,64,IDS60701:IDS60801
94653,Ceduna,-32.13,133.7,15.3,IDS60701:IDS60801
94654,Streaky Bay,-32.81,134.2,45,IDS60701:IDS60801
94655,Tarcoola,-30.71,134.58,123,IDS60801
94656,Elliston,-33.65,134.89,7,IDS60701:IDS60801
94657,Kyancutta,-33.13,135.55,59,IDS60801
94659,Woomera,-31.16,136.81,166.6,IDS60801
94660,Mount Ive,-32.44,136.07,177,IDS60801
94661,Cleve,-33.7,136.49,193,IDS60801
94662,Cleve Airport,-33.71,136.5,175,IDS60801
94663,Warooka,-34.99,137.4,53,IDS60801
94665,Maitland,-34.37,137.67,185,IDS60801
94666,Warburto Point,-34,137.53,1,IDS60701:IDS60801
94668,Kimba,-33.14,136.41,280,IDS60801
94672,Adelaide Airport,-34.95,138.52,2,IDS60701:IDS60801:IDS60901
94673,Hawker,-31.9,138.44,340,IDS60801
94674,Leigh Creek,-30.6,138.42,258.8,IDS60801
94675,Adelaide (Kent Town),-34.92,138.62,48,IDS60801:IDS60901
94676,Arkaroola,-30.31,139.34,318,IDS60801
94677,Hindmarsh Island,-35.52,138.82,11,IDS60701:IDS60801:IDS60901
94678,Mount Crawford,-34.73,138.93,525,IDS60801:IDS60901
94679,Yongala,-33.03,138.76,521,IDS60801
94680,Eudunda,-34.18,139.08,415,IDS60801
94681,Nuriootpa,-34.48,139.01,275,IDS60801:IDS60901
94682,Loxton,-34.44,140.6,30.1,IDS60801
94683,Kuitpo,-35.17,138.68,365,IDS60801:IDS60901
94684,Yunta,-32.57,139.56,300,IDS60801
94685,Kadina,-33.97,137.66,41.14,IDS60801
94686,Fowlers Gap,-31.09,141.7,181,IDN60801
94689,Broken Hill,0,0,0,IDN60801
94690,Lameroo AWS,-35.38,140.54,110.08,IDS60801
94691,Broken Hill Airport,-32,141.47,281.3,IDN60801
94692,Lake Victoria,-34.04,141.27,26,IDN60801
94693,Mildura,-34.24,142.09,50,IDN60801:IDV60801
94694,Menindee,-32.39,142.42,61,IDN60801
94696,Balranald,-34.64,143.56,61,IDN60801
94700,Hillston,-33.49,145.52,122,IDN60801
94702,Hay Airport,-34.54,144.83,92,IDN60801
94703,Bourke,-30.04,145.95,107.3,IDN60801
94708,Nyngan,-31.55,147.2,173,IDN60801
94710,Cobar Airport,-31.54,145.8,218,IDN60801
94711,Cobar,-31.48,145.83,260,IDN60801
94712,Young,-34.25,148.25,379.6,IDN60801
94714,Cootamundra,-34.63,148.04,335,IDN60801
94715,Forbes,-33.36,147.92,230.4,IDN60801
94716,Goulburn,-34.75,149.7,670,IDN60801
94721,Peak Hill,-32.72,148.19,285,IDN60801
94723,Wellington,-32.56,148.95,305,IDN60801
94725,Grenfell,-33.89,148.15,390,IDN60801
94727,Mudgee,-32.56,149.61,471,IDN60801
94728,Coonabarabran,-31.28,149.28,520,IDN60801
94729,Bathurst Airport,-33.41,149.65,744.5,IDN60801
94730,Bathurst,-33.43,149.56,713,IDN60801
94732,Gulgong,-32.36,149.53,475,IDN60801
94735,Taralga,-34.4,149.82,845,IDN60801
94736,Prospect,-33.82,150.91,61,IDN60801
94738,Scone,0,0,0,IDN60801
94741,Lithgow,-33.48,150.13,900,IDN60801
94743,Mount Boyce,-33.62,150.27,1080,IDN60801:IDN60901
94744,Katoomba,-33.71,150.3,1017,IDN60801:IDN60901
94746,Moss Vale,-34.53,150.42,678.4,IDN60801
94749,Bellambi,-34.37,150.93,10,IDN60701:IDN60801:IDN60901
94750,Nowra,-34.95,150.54,109,IDN60801:IDN60903
94751,Jervis Bay Airfield,-35.14,150.7,57.18,IDN60701:IDN60801:IDN60903
94752,Badgerys Creek,-33.9,150.73,81.2,IDN60801:IDN60901
94754,Nullo Mountain,-32.72,150.23,1130,IDN60801
94755,Camden,-34.04,150.69,73.9,IDN60801:IDN60901
94757,Campbelltown,-34.06,150.77,112,IDN60801:IDN60901
94758,Murrurundi,-31.77,150.84,467,IDN60801
94759,Terrey Hills,-33.69,151.23,199,IDN60801:IDN60901
94760,Horsley Park,-33.85,150.86,100,IDN60801:IDN60901
94761,Barraba,-30.38,150.61,499,IDN60801
94763,Penrith,-33.72,150.68,24.7,IDN60801:IDN60901
94764,Parramatta,-33.79,151.02,55,IDN60801:IDN60901
94765,Bankstown,-33.92,150.98,7.2,IDN60801:IDN60901
94766,Canterbury,-33.91,151.11,3,IDN60801:IDN60901
94767,Sydney Airport,-33.95,151.17,6,IDN60701:IDN60801:IDN60901
94768,Sydney - Observatory Hill,-33.86,151.2,43.37,IDN60801:IDN60901
94769,Fort Denison,-33.86,151.23,5,IDN60701:IDN60801:IDN60901
94772,Guyra,-30.21,151.68,1329,IDN60801
94773,Armidale,-30.52,151.67,987,IDN60801
94774,Newcastle Nobbys,-32.92,151.8,33,IDN60701:IDN60801:IDN60901
94775,Tocal,-32.63,151.59,30,IDN60801
94776,Williamtown,-32.79,151.84,7.5,IDN60701:IDN60801:IDN60901
94780,Little Bay,-33.98,151.25,22,IDN60701:IDN60801:IDN60901
94781,Newcastle University,-32.89,151.71,21,IDN60801:IDN60901
94782,Gosford,-33.44,151.36,7,IDN60801:IDN60901
94783,Mount Seaview,-31.39,152.25,155,IDN60801
94785,Kempsey Airport,-31.07,152.77,13,IDN60801
94786,Port Macquarie Airport,-31.43,152.87,4.2,IDN60701:IDN60801
94789,Dorrigo,-30.34,152.72,746,IDN60801
94790,Smoky Cape,-30.92,153.09,117,IDN60701:IDN60801
94791,Coffs Harbour,-30.92,153.09,117,IDN60801
94792,Woolbrook,-30.97,151.35,925,IDN60801
94793,Brewon,-30.24,147.53,130,IDN60801
94794,Girilambone,-31.08,146.93,178,IDN60801
94795,Millendon (Swan Valley),-31.81,116.02,15.62,IDW60801:IDW60901
94796,Smithville,-30.07,141.01,94,IDN60801
94797,Mulurulu,-33.34,143.4,78,IDN60801
94798,Noona,-31.73,144.93,179,IDN60801
94799,Port Macquarie Airport,-31.43,152.87,4.45,IDN60701:IDN60801
94801,Albany,-35.03,117.88,3,IDW60801
94802,Albany Airport,-34.94,117.82,68.4,IDW60701:IDW60801
94804,Neptune Island,-35.34,136.12,32,IDS60701:IDS60801:IDT60701
94806,Mount Barker,-35.07,138.85,359,IDS60801:IDS60901
94807,Parndana,-35.79,137.25,165,IDS60701:IDS60801
94808,Noarlunga,-35.16,138.51,55,IDS60701:IDS60801:IDS60901
94809,Edithburgh,-35.11,137.74,6,IDS60701:IDS60801
94811,Parawa West,-35.57,138.29,341,IDS60801:IDS60901
94812,Robe,-37.16,139.76,3.3,IDS60701:IDV60701
94813,Cape Jaffa,-36.97,139.72,17,IDS60701:IDS60801
94814,Strathalbyn,-35.28,138.89,58,IDS60801:IDS60901
94816,Keith,-36.1,140.36,29,IDS60801
94817,Coonawarra,-37.29,140.83,57,IDS60801
94820,Naracoorte,-36.98,140.73,49.72,IDS60801
94821,Mount Gambier,-37.75,140.77,63,IDS60801
94822,Cape Willoughby,-35.84,138.13,55,IDS60701:IDS60801
94826,Cape Nelson,-38.43,141.54,45.4,IDS60701:IDV60701:IDV60801
94827,Nhill Aerodrome,-36.31,141.65,138.9,IDV60801
94828,Portland Airport,-38.31,141.47,80.9,IDS60701:IDV60701:IDV60801
94829,Hamilton,-37.65,142.06,241.1,IDV60801
94830,Port Fairy,-38.39,142.23,10,IDV60701:IDV60801
94831,Ouyen,-35.07,142.31,65,IDV60801
94833,Mount William,-37.3,142.6,1150,IDV60801
94834,Ararat,-37.28,142.98,295,IDV60801
94835,Ben Nevis,-37.23,143.2,875,IDV60801
94836,Stawell,-37.07,142.74,235.36,IDV60801
94837,Warrnambool,-38.29,142.45,70.8,IDV60701:IDV60801
94838,Hopetoun Airport,-35.72,142.36,77.3,IDV60801
94839,Charlton,-36.28,143.33,131.7,IDV60801
94840,Mortlake,-38.07,142.77,130,IDV60801
94841,Warracknabeal,-36.26,142.41,113.4,IDV60801
94842,Cape Otway,-38.86,143.51,82,IDT60701:IDV60701:IDV60801
94843,Swan Hill,-35.38,143.54,71,IDN60801:IDV60801
94844,Kerang,-35.72,143.92,82,IDV60801
94846,Aireys Inlet,-38.46,144.09,105,IDV60701:IDV60801
94847,Point Wilson,-38.1,144.54,18,IDV60801
94849,Maryborough,-37.06,143.73,249.3,IDV60801
94850,King Island Airport,-39.88,143.89,35.42,IDT60701:IDT60801:IDV60701
94852,Ballarat,-37.51,143.79,435.2,IDV60801
94853,South Channel Island,-38.31,144.8,9,IDV60701:IDV60801:IDV60901
94854,Avalon,-38.03,144.48,10.6,IDV60701:IDV60801:IDV60901
94855,Bendigo,-36.74,144.33,209.17,IDV60801
94856,Puckapunyal West (Defence),-37.02,144.85,293,IDV60801
94857,Geelong Racecourse,-38.17,144.38,12.9,IDV60701:IDV60801:IDV60901
94858,Puckapunyal-Lyon Hill (Defence),-36.94,145.05,193,IDV60801
94859,Redesdale,-37.02,144.52,290,IDV60801
94860,Kilmore Gap,-37.38,144.97,527.8,IDV60801
94861,Echuca,-36.16,144.76,96,IDV60801
94862,Yarrawonga,-36.03,146.03,128.9,IDN60801:IDV60801
94863,Sheoaks,-37.91,144.13,236.7,IDV60801:IDV60901
94864,Coldstream,-37.72,145.41,83,IDV60801:IDV60901
94865,Laverton,-37.86,144.76,20.1,IDV60701:IDV60801:IDV60901
94866,Melbourne Airport,-37.67,144.83,113.4,IDV60801:IDV60901
94870,Moorabbin Airport,-37.98,145.1,12.1,IDV60701:IDV60801:IDV60901
94871,Frankston Beach,-38.15,145.12,6,IDV60701:IDV60801:IDV60901
94872,Ferny Creek,-37.87,145.35,512.9,IDV60801:IDV60901
94874,Mangalore,-36.89,145.19,140.8,IDV60801
94875,Shepparton,-36.43,145.39,113.9,IDV60801
94876,Frankston (Ballam Park),-38.15,145.16,58.47,IDV60701:IDV60801:IDV60901
94877,Tocumwal,-35.82,145.6,114,IDN60801
94878,Hunters Hill,-36.21,147.54,981,IDV60801
94879,Cranbourne,-38.13,145.26,85,IDV60801
94881,Eildon Fire Tower,-37.21,145.84,637,IDV60801
94882,Lake Eildon,-38.15,145.12,6,IDV60801
94883,Phillip Island,0,0,0,IDV60801
94884,Benalla,-36.55,146,170.5,IDV60801
94886,Pound Creek,-38.63,145.81,3,IDV60801
94888,Lake Dartmouth,-36.54,147.5,365,IDV60801
94889,Wangaratta,-36.42,146.31,152.6,IDV60801
94890,Gundagai,-35.06,148.1,225,IDN60801
94891,Latrobe Valley,-38.21,146.47,55.7,IDV60801
94892,Rhyll,-38.46,145.31,13.4,IDV60701:IDV60801:IDV60901
94893,Wilsons Promontory,-39.13,146.42,95,IDT60701:IDV60701:IDV60801
94894,Mount Buller,-37.15,146.44,1707,IDV60801
94898,Cerberus,-38.36,145.18,12.69,IDV60701:IDV60801:IDV60901
94899,Corryong Airport,-36.18,147.89,290,IDV60801
94900,Willow Grove,-38.08,146.21,161,IDV60801
94901,Hume Reservoir,-36.1,147.03,184,IDN60801
94903,Falls Creek,-36.87,147.28,1765,IDV60801
94905,Mount Hotham Airport,-37.05,147.33,1295.4,IDV60801
94906,Mount Hotham,-36.98,147.13,1849,IDV60801
94908,Omeo,-37.1,147.6,689.8,IDV60801
94909,Burrinjuck Dam,-35,148.6,390,IDN60801
94910,Wagga Wagga,-35.16,147.46,212,IDN60801
94911,Yanakie,-38.81,146.19,13.3,IDV60701:IDV60801
94912,Bairnsdale,-37.88,147.57,49.4,IDV60701:IDV60801
94913,Gelantipy,-37.22,148.26,755,IDV60801
94914,Combienbar,-37.34,149.02,640,IDV60801
94915,Perisher Valley,-36.41,148.41,1738,IDN60801:IDN60903
94918,Tumbarumba,-35.78,148.01,645,IDN60801
94919,Khancoban,-36.23,148.14,339.3,IDN60801
94920,Warracknabeal Airport,-36.32,142.42,118.3,IDV60801
94921,Cooma Airport,-36.29,148.97,930,IDN60801:IDN60903
94923,Cooma,-36.23,149.12,778,IDN60801
94925,Tuggeranong,-35.42,149.09,586.7,IDN60801:IDN60903
94926,Canberra,-35.31,149.2,577.05,IDN60801:IDN60903
94927,Braidwood,-35.43,149.78,665.2,IDN60801:IDN60903
94928,Bombala,-36.91,149.24,705,IDN60801
94929,Bombala AWS,-37,149.23,760.5,IDN60801
94930,Mount Nowa Nowa,-37.69,148.09,350,IDV60801
94932,Point Hicks,-37.8,149.27,27,IDV60801
94933,Gabo Island,-37.57,149.92,15,IDN60701:IDN60801:IDT60701:IDV60701:IDV60801
94934,Green Cape,-37.26,150.05,19.4,IDN60701:IDN60801
94935,Mallacoota,-37.6,149.73,22,IDV60701:IDV60801
94937,Moruya Heads,-35.91,150.15,17,IDN60701:IDN60801
94938,Ulladulla,-35.36,150.48,35.7,IDN60701:IDN60801:IDN60903
94939,Montague Island,-36.25,150.23,52,IDN60701:IDN60801:IDN60903
94941,Batemans Bay,-35.72,150.19,11,IDN60801:IDN60903
94943,Nerriga,-35.11,150.08,622,IDN60801
94944,Kapooka (Defence),-35.13,147.25,187,IDN60801
94949,Hogan Island,-39.22,146.98,116,IDT60701:IDT60801:IDV60701:IDV60801
94950,Marrawah,-40.91,144.71,107.3,IDT60701:IDT60801:IDV60701
94951,Dunalley,-42.9,147.79,12.43,IDT60701:IDT60801:IDT60901
94953,Smithton,-40.83,145.08,7.5,IDT60701:IDT60801:IDV60701
94955,Sheffield,-41.39,146.32,294.2,IDT60801
94956,Strahan,-42.16,145.29,21,IDT60701:IDT60801
94957,Ouse,-42.48,146.71,90,IDT60801
94958,Burnie,0,0,0,IDT60801
94959,Butlers Gorge,-42.28,146.28,667,IDT60801
94960,Tunnack,-42.45,147.46,461.5,IDT60801
94961,Dover,-43.33,147,20,IDT60701:IDT60801:IDT60901
94962,Maatsuyker Island,-43.66,146.27,146.5,IDT60701:IDT60801
94963,Maydena,-42.76,146.62,281,IDT60801
94964,Bushy Park,-42.71,146.9,27,IDT60801:IDT60901
94966,Geeveston,-43.16,146.92,55,IDT60801
94967,Cape Bruny,-43.49,147.15,55,IDT60701:IDT60801:IDT60901
94969,Launceston,-41.42,147.12,5,IDT60801
94970,Hobart,-42.89,147.33,50.5,IDT60701:IDT60801:IDT60901
94971,Melton Mowbray,-42.49,147.2,238,IDT60801
94972,Scottsdale,-41.17,147.49,197.5,IDT60801
94974,Cape Sorell,-42.2,145.17,19.3,IDT60701:IDT60801
94975,Hobart Airport,-42.83,147.5,4,IDT60701:IDT60801:IDT60901
94976,Lake St Clair,-42.12,146.18,742,IDT60801
94977,Hartz Mountains,-43.2,146.77,831,IDT60801
94979,Lake Leake,-42.01,147.8,575,IDT60801
94980,Flinders Island Airport,-40.09,148,9,IDT60701:IDT60801:IDV60701
94981,Swansea,-42.14,148.07,19,IDT60701:IDT60801
94983,Larapuna (Eddystone Point),-40.99,148.35,19.7,IDT60701:IDT60801
94985,Ross,-42.02,147.5,186,IDT60801
94987,Friendly Beaches,-42,148.28,55,IDT60701:IDT60801
94988,Dennes Point,-43.06,147.36,5.67,IDT60701:IDT60801:IDT60901
94995,Lord Howe Island,-31.54,159.08,5,IDN60701:IDN60801
94996,Norfolk Island,-29.04,167.94,111.73,IDN60701:IDN60801
94998,Macquarie Island,-54.5,158.94,6,IDT60801:IDT60803
95101,Truscott,-14.09,126.39,51,IDD60701:IDD60801:IDW60701:IDW60801
95111,Wadeye (Port Keats),-14.25,129.53,28,IDD60701:IDD60801
95121,Middle Point,-12.61,131.3,14.1,IDD60801:IDD60901
95122,Darwin Harbour,-12.47,130.85,0,IDD60701:IDD60801:IDD60901
95142,Maningrida Airport,-12.06,134.23,28.1,IDD60701:IDD60801
95146,Ngayawili (Elcho Island),-12,135.57,8.1,IDD60701:IDD60801
95202,Broome Port,-18,122.22,0,IDW60701:IDW60801
95204,West Roebuck,-17.9,122.31,32,IDW60801
95205,Derby,-17.37,123.66,6.2,IDW60701:IDW60801
95208,Yampi Sound (Defence),-16.77,123.98,41.33,IDW60801
95214,Wyndham Airport,-15.51,128.15,3.8,IDD60701:IDD60801:IDW60701:IDW60801
95283,Cooktown,-15.45,145.19,4.8,IDQ60701:IDQ60801
95286,Mareeba,-17.07,145.43,471.93,IDQ60801
95288,Bougainville Reef,-15.49,147.12,0,IDQ60701:IDQ60801
95291,Ingham,-18.65,146.18,11.8,IDQ60801
95292,South Johnstone,-17.61,146,18.3,IDQ60701:IDQ60801
95293,Woolshed,-19.42,146.54,556.04,IDQ60801
95295,Ayr,-19.62,147.38,17,IDQ60801
95296,Alva Beach,-19.46,147.48,7.5,IDQ60701:IDQ60801
95298,Rosslyn Bay Harbour,-23.16,150.79,0,IDQ60701:IDQ60801
95303,Varanus Island,-20.66,115.58,24,IDW60701:IDW60801
95304,Barrow Island,-20.87,115.41,6.4,IDW60701:IDW60801
95305,Onslow Airport,-21.67,115.11,10.5,IDW60701:IDW60801
95307,Karratha,-20.71,116.77,5.3,IDW60701:IDW60801
95317,Marble Bar,-21.18,119.75,182.3,IDW60801
95322,Rabbit Flat,-20.18,130.01,340,IDD60801
95323,Arltunga,-23.46,134.68,661,IDD60801
95351,Blackall,-24.43,145.43,281.3,IDQ60801
95362,Springsure,-24.12,148.09,344.5,IDQ60801
95367,Mackay Airport,-21.17,149.18,4.7,IDQ60801
95369,St Lawrence,-22.35,149.52,9.19,IDQ60701:IDQ60801
95370,Williamson,-22.47,150.18,27.6,IDQ60801
95402,Shark Bay Airport,-25.89,113.58,33.8,IDW60701:IDW60801
95439,Wiluna Airport,-26.63,120.22,502.4,IDW60801
95448,Leinster,-27.84,120.7,497,IDW60801
95458,Coober Pedy Airport,-29.03,134.72,225,IDS60801
95480,Marree Airport,-29.66,138.07,50,IDS60801
95481,Moomba Airport,-28.1,140.2,37.8,IDS60801
95482,Birdsville,-25.9,139.35,46.6,IDQ60801
95485,Tibooburra Airport,-29.44,142.06,176.4,IDN60801
95487,Ballera,-27.4,141.81,114.5,IDQ60801
95492,Thargomindah,-27.99,143.81,130.89,IDQ60801
95512,Brewarrina,-29.96,146.87,115,IDN60801
95520,Collarenebri,-29.54,148.58,145,IDN60801
95527,Moree,-29.49,149.85,213,IDN60801
95529,Miles,-26.66,150.18,304.8,IDQ60801
95533,Texas,-28.85,151.17,295,IDQ60801
95541,Inverell,-29.78,151.11,582,IDN60801
95543,Gayndah,-25.62,151.62,110.9,IDQ60801
95551,Toowoomba,-27.54,151.91,640.9,IDQ60801:IDQ60901
95565,Hervey Bay,-25.32,152.88,12.98,IDQ60701:IDQ60801
95566,Beerburrum,-26.96,152.96,48,IDQ60801:IDQ60901
95570,Grafton Airport,-29.76,153.03,25.09,IDN60801
95571,Grafton AgRS,-29.62,152.96,25,IDN60801
95572,Nambour,-26.64,152.94,53.24,IDQ60801:IDQ60901
95575,Beaudesert AWS,-27.97,152.99,47.81,IDQ60801:IDQ60901
95581,Logan City,-27.68,153.19,14,IDQ60801:IDQ60901
95591,Redcliffe,-27.22,153.09,12.6,IDQ60701:IDQ60801:IDQ60901
95600,Jurien Bay,-30.31,115.03,1.6,IDW60701:IDW60801
95602,Busselton Jetty,-33.63,115.34,3,IDW60701:IDW60801
95603,Kellerberrin,-31.62,117.72,250,IDW60801
95604,Gosnells,-32.05,115.98,10,IDW60801:IDW60901
95605,Hillarys Point Boat Harbour,-31.83,115.74,0,IDW60701:IDW60801:IDW60901
95606,Lancelin,-31.02,115.33,1.5,IDW60701:IDW60801
95607,Garden Island,-32.24,115.68,6,IDW60701:IDW60801:IDW60901
95609,Lancelin (Defence),-30.84,115.23,3.41,IDW60701:IDW60801
95610,Bickley,-32.01,116.14,384,IDW60801:IDW60901
95611,Busselton Airport,-33.68,115.4,16.3,IDW60801
95612,Gingin Airport,-31.46,115.86,73,IDW60801
95613,Pemberton,-34.45,116.04,174,IDW60801
95614,Karnet,-32.44,116.08,286,IDW60801:IDW60901
95615,Beverley,-32.11,116.92,199,IDW60801
95616,Pingelly,-32.53,117.08,297,IDW60801
95617,Shannon,-34.57,116.34,210,IDW60801
95618,Wagin,-33.31,117.34,256,IDW60801
95620,Melville Water,-31.99,115.83,0,IDW60701:IDW60801:IDW60901
95621,Collie East,-33.36,116.17,200,IDW60801
95622,Donnybrook,-33.57,115.82,63,IDW60801
95623,Jarrahwood,-33.8,115.67,130,IDW60801
95624,Merredin,-31.48,118.28,315,IDW60801
95625,Cunderdin Airport,-31.62,117.22,216.7,IDW60801
95626,Narembeen,-32.07,118.4,276,IDW60801
95627,Hyden,-32.44,118.9,299,IDW60801
95628,Ongerup,-33.96,118.48,286,IDW60801
95629,Dalwallinu,-30.28,116.67,324.5,IDW60801
95631,Goomalling,-31.3,116.83,239,IDW60801
95632,Bridgetown,-33.95,116.13,178.66,IDW60801
95634,Southern Cross Airport,-31.24,119.36,347.4,IDW60801
95635,Hopetoun North,-33.93,120.13,26,IDW60701:IDW60801
95636,Jacup,-33.89,119.11,305,IDW60801
95637,Lake Grace,-33.1,118.46,286,IDW60801
95638,Esperance Airport,-33.68,121.83,142,IDW60801
95639,Salmon Gums RS,-32.99,121.62,249,IDW60801
95640,Wandering,-32.67,116.67,275,IDW60801
95641,Witchcliffe,-34.03,115.1,80,IDW60801
95642,Norseman Airport,-32.21,121.75,262.5,IDW60801
95644,Munglinup West,-33.55,120.7,220,IDW60801
95646,Forrest,-30.85,128.11,159,IDW60801
95647,Walpole North,-34.95,116.72,73,IDW60701:IDW60801
95648,Esperance Harbour,-33.87,121.9,0,IDW60701:IDW60801
95649,Point Avoid,-34.67,135.34,35,IDS60701:IDS60801
95653,Thevenard,0,0,0,IDS60801
95654,Wudinna Airport,-33.04,135.45,86.4,IDS60801
95658,Roxby Downs,-30.49,136.87,99.21,IDS60801
95659,Minlaton Airport,-34.75,137.53,32,IDS60701:IDS60801
95660,Andamooka,-30.45,137.17,76,IDS60801
95661,Port Lincoln Airport,-34.6,135.88,8.5,IDS60701:IDS60801
95662,Minnipa RS,-32.84,135.15,165,IDS60801
95663,Cummins Airport,-34.25,135.71,60.11,IDS60801
95664,Whyalla,-33.05,137.52,9.3,IDS60701:IDS60801
95666,Port Augusta,-32.51,137.72,13.97,IDS60701:IDS60801
95667,Clare,-33.82,138.59,395,IDS60801
95668,Gluepot,-33.76,140.13,57,IDS60801
95669,Price,-34.3,138,2,IDS60801
95670,Snowtown,-33.77,138.22,109.1,IDS60801
95671,Roseworthy,-34.51,138.68,65,IDS60801:IDS60901
95674,Turretfield,-34.55,138.83,116,IDS60801
95675,Outer Harbor (Black Pole),-34.73,138.47,6.27,IDS60701:IDS60801:IDS60901
95676,Edinburgh,-34.71,138.62,16.54,IDS60801:IDS60901
95677,Parafield,-34.8,138.63,9.5,IDS60801:IDS60901
95678,Mount Lofty,-34.98,138.71,685,IDS60801:IDS60901
95679,Sellicks Hill,-35.33,138.5,385.7,IDS60801:IDS60901
95681,Delta,-30.1,145.33,109,IDN60801
95682,Mount Hope,-32.83,145.88,209,IDN60801
95683,Cultana (Defence),-32.68,137.37,171,IDS60801
95684,Holsworthy (Defence),-34.08,150.9,165,IDN60801:IDN60901
95686,Marrangaroo (Defence),-33.43,150.13,955,IDN60801
95687,Renmark Airport,-34.2,140.68,31.5,IDS60801
95692,Pooncarie,-33.39,142.57,53,IDN60801
95695,Wilcannia Airport,-31.52,143.38,94.3,IDN60801
95697,Ivanhoe Airport,-32.88,144.31,100,IDN60801
95699,White Cliffs AWS,-30.85,143.07,158,IDN60801
95704,Griffith,-34.25,146.07,134,IDN60801
95705,Yanco,-34.62,146.43,164,IDN60801
95706,Narrandera Airport,-34.7,146.51,145,IDN60801
95707,Lake Cargelligo,-33.28,146.37,169,IDN60801
95708,Condobolin Airport,-33.07,147.21,192.6,IDN60801
95709,West Wyalong,-33.94,147.2,257,IDN60801
95710,Trangie,-31.99,147.95,215,IDN60801
95715,Walgett,-30.04,148.12,133,IDN60801
95716,Goulburn Airport,-34.81,149.73,640,IDN60801:IDN60903
95717,Parkes Airport,-33.13,148.24,323.3,IDN60801
95718,Coonamble,-30.98,148.38,181.3,IDN60801
95719,Dubbo,-32.22,148.58,284,IDN60801
95721,Cowra,-33.84,148.65,300.4,IDN60801
95722,Temora,-34.43,147.51,280.5,IDN60801
95723,Yass,0,0,0,IDN60801:IDN60903
95725,Orange AgIn,-33.32,149.08,922,IDN60801
95726,Orange Airport,-33.38,149.13,944.65,IDN60801
95727,Dunedoo,-32.02,149.4,388,IDN60801
95728,Coonabarabran Airport,-31.33,149.27,645,IDN60801
95729,Coffs Harbour Airport,-30.32,153.12,3.5,IDN60701:IDN60801
95734,Narrabri,-30.32,149.83,229.02,IDN60801
95735,Oberon,-33.7,149.87,1088,IDN60801
95740,Gunnedah Airport,-30.95,150.25,262.57,IDN60801
95744,Springwood,-33.71,150.58,320,IDN60801:IDN60901
95745,Port Kembla Harbour,-34.47,150.91,0,IDN60701:IDN60801
95746,Quirindi,-31.51,150.68,390,IDN60801
95747,Murrurundi Gap,-31.74,150.79,729.4,IDN60801
95748,Albion Park,-34.56,150.79,8,IDN60701:IDN60801
95749,Kiama,-34.65,150.86,15.5,IDN60701:IDN60801
95752,Wattamolla,-34.14,151.12,44,IDN60701:IDN60801:IDN60901
95753,Richmond,-33.6,150.78,19,IDN60801:IDN60901
95754,Merriwa,-32.19,150.17,375,IDN60801
95756,Kurnell,-34,151.21,4,IDN60701:IDN60801:IDN60901
95757,Lucas Heights (ANSTO),-34.05,150.98,140,IDN60801:IDN60901
95758,Scone Airport,-32.03,150.83,221.4,IDN60801
95761,Holsworthy,-33.99,150.95,68.16,IDN60801:IDN60901
95762,Tamworth Airport,-31.07,150.84,394.9,IDN60801
95765,Sydney Olympic Park,-33.83,151.07,4,IDN60801:IDN60901
95766,Sydney Harbour,-33.84,151.26,6,IDN60701:IDN60801:IDN60901
95767,Lake Macquarie - Cooranbong,-33.09,151.46,6,IDN60701:IDN60801:IDN60901
95768,North Head,-33.82,151.3,90,IDN60701:IDN60801:IDN60901
95770,Norah Head,-33.28,151.58,18.8,IDN60701:IDN60801:IDN60901
95771,Cessnock Airport,-32.79,151.34,61,IDN60801
95772,Lostock,-32.33,151.46,200,IDN60801
95773,Armidale Airport,-30.53,151.62,1079,IDN60801
95774,Mangrove Mountain,-33.29,151.21,305,IDN60801:IDN60901
95778,Forster,-32.18,152.51,4,IDN60801
95779,Nelson Bay,-32.71,152.16,25,IDN60801
95784,Taree Airport,-31.89,152.51,8,IDN60701:IDN60801
95805,Cape Borda,-35.75,136.6,158,IDS60701:IDS60801:IDT60701
95806,Stenhouse Bay,-35.28,136.94,42,IDS60701:IDS60801
95807,Kingscote,-35.71,137.52,6.23,IDS60701:IDS60801
95811,Victor Harbor,-35.55,138.6,8,IDS60701:IDS60801:IDS60901
95812,Murray Bridge,-35.12,139.26,33,IDS60801:IDS60901
95813,Karoonda,-35.09,139.9,72,IDS60801
95814,Meningie,-35.69,139.34,3,IDS60801
95815,Keith West,-36.11,140.33,27,IDS60801
95816,Robe Airport,-37.18,139.81,3,IDS60701:IDS60801:IDV60701
95818,Pallamana,-35.06,139.23,45,IDS60801:IDS60901
95822,Dartmoor,-37.92,141.26,51,IDV60801
95823,Padthaway,-36.65,140.52,37,IDS60801
95825,Casterton,-37.58,141.33,130.6,IDV60801
95826,Portland Harbour,-38.34,141.61,0,IDS60701:IDV60701:IDV60801
95827,Kanagulk,-37.12,141.8,188.8,IDV60801
95831,Walpeup,-35.12,142,105,IDV60801
95832,Edenhope,-37.02,141.27,155,IDV60801
95833,Kyabram,-36.34,145.06,105,IDV60801
95835,Longerenong,-36.67,142.3,133,IDV60801
95836,Tatura,-36.44,145.27,114,IDV60801
95837,Rutherglen,-36.1,146.51,175,IDV60801
95838,Edi Upper,-36.74,146.47,365,IDV60801
95839,Horsham,-36.67,142.17,133.8,IDV60801
95840,Westmere,-37.71,142.94,226,IDV60801
95843,Strathbogie,-36.85,145.73,501,IDV60801
95845,Mount Gellibrand,-38.23,143.79,261,IDV60801
95853,Castlemaine,-37.08,144.24,330,IDV60801
95864,St Kilda Harbour RMYS,-37.86,144.96,6.4,IDV60701:IDV60801:IDV60901
95866,Essendon Airport,-37.73,144.91,78.4,IDV60801:IDV60901
95867,Scoresby,-37.87,145.26,80,IDV60801:IDV60901
95869,Deniliquin,-35.56,144.95,94,IDN60801
95872,Fawkner Beacon,-37.95,144.93,17,IDV60701:IDV60801:IDV60901
95874,Viewbank,-37.74,145.1,66.1,IDV60801:IDV60901
95881,Wonthaggi,-38.61,145.6,51.9,IDV60701:IDV60801
95890,Yarram Airport,-38.56,146.75,17.9,IDV60701:IDV60801
95895,Corowa,-35.99,146.36,143,IDN60801
95896,Albury,-36.07,146.95,163.5,IDN60801:IDV60801
95901,Mount Baw Baw,-37.84,146.27,1561,IDV60801
95904,Lakes Entrance,-37.87,148.01,4,IDV60701:IDV60801
95907,East Sale Airport,-38.1,147.14,5.3,IDV60701:IDV60801
95908,Thredbo Village,-36.5,148.3,1380,IDN60801
95909,Thredbo Top Station,-36.49,148.29,1957,IDN60801:IDN60903
95913,Mount Moornapa,-37.75,147.14,480,IDV60801
95916,Cabramurra,-35.94,148.38,1482.4,IDN60801:IDN60903
95918,Orbost,-37.69,148.47,62.65,IDV60701:IDV60801
95925,Mount Ginini,-35.53,148.77,1760,IDN60801:IDN60903
95929,Merimbula,-36.91,149.9,1.5,IDN60701:IDN60801
95931,Bega,-36.67,149.82,41,IDN60801
95935,Narooma,-36.21,150.14,25,IDN60701:IDN60801:IDN60903
95936,Melbourne (Olympic Park),-37.83,144.98,7.53,IDV60701:IDV60801:IDV60901
95937,Moruya Airport,-35.9,150.14,4,IDN60701:IDN60801:IDN60903
95940,Point Perpendicular,-35.09,150.8,85,IDN60701:IDN60801
95952,Mount Read,-41.84,145.54,1119.5,IDT60801
95953,Strathgordon,-42.77,146.05,322,IDT60801
95954,Cape Grim,-40.68,144.69,86,IDT60701:IDT60801:IDV60701
95956,Luncheon Hill,-41.15,145.15,344,IDT60801
95957,Wynyard,-41,145.73,12,IDT60701:IDT60801:IDV60701
95958,Scotts Peak,-43.04,146.27,408,IDT60801
95959,Liawenee,-41.9,146.67,1057,IDT60801
95960,Devonport Airport,-41.17,146.43,8,IDT60701:IDT60801:IDV60701
95961,Low Rocky Point,-42.98,145.5,34,IDT60701:IDT60801
95962,Warra,-43.06,146.7,495,IDT60801
95963,Burnie Port,-41.05,145.91,0,IDT60701:IDT60801
95964,Low Head,-41.05,146.79,3,IDT60701:IDT60801:IDV60701
95966,Launceston Airport,-41.55,147.22,166.9,IDT60801
95967,Cape Bruny AWS,-43.49,147.14,59.7,IDT60701:IDT60801:IDT60901
95969,Cressy,-41.73,147.08,148,IDT60801
95972,Campania,-42.69,147.43,45,IDT60801:IDT60901
95973,Bridport,0,0,0,IDT60801
95974,Fingal,-41.64,147.97,237,IDT60801
95977,Grove,-42.98,147.08,65,IDT60801:IDT60901
95979,kunanyi / Mount Wellington,-42.9,147.24,1260.47,IDT60801:IDT60901
95981,St Helens,-41.34,148.28,48,IDT60701:IDT60801
95984,Orford,-42.55,147.88,14,IDT60701:IDT60801:IDT60901
95985,Swan Island,-40.73,148.12,15,IDT60701:IDT60801
95986,Tasman Island,-43.24,148,240,IDT60701:IDT60801:IDT60901
95987,Spring Bay,-42.55,147.93,0,IDT60701:IDT60801
95988,Maria Island,-42.66,148.02,28,IDT60701:IDT60801:IDT60901
95989,Bicheno,-41.87,148.3,11,IDT60701:IDT60801
95995,Lord Howe Island Windy Point,-31.54,159.07,4,IDN60701:IDN60801
96995,Christmas Island,-10.45,105.69,261,IDW60701:IDW60801
96996,Cocos Island,-12.19,96.83,3,IDW60701:IDW60801
99049,Nug Nug,-36.69,146.68,224,IDV60801
99052,Mt Pendergrast,-37.83,144.86,21,IDV60801
99054,Ensay,-37.32,147.76,345,IDV60801
99058,CFS Mobile A,-34.95,138.52,2,IDS60801
99059,CFS Mobile B,-34.95,138.52,2,IDS60801
99066,Buffalo Range,-36.92,146.82,1145,IDV60801
99071,PORTABLE RFSNSW01,-33.59,151.01,914,IDN60801
99072,PORTABLE RFSNSW02,-35.27,148.24,267,IDN60801
99082,PORTABLE QFRA BR,-26.8,153.13,10,IDQ60801
99083,PORTABLE QFRB BR,-27.46,153.04,20,IDQ60801
99084,PORTABLE QFRC SER,-27.77,153.25,204,IDQ60801
99107,PORTABLE RFSNSW04,-33.41,150.98,197,IDN60801
99110,PORTABLE RFSNSW07,-30.31,153.12,48,IDN60801
99111,PORTABLE RFSNSW08,-33.51,150.63,589,IDN60801
99112,PORTABLE QFRD SWR,-27.54,151.91,637,IDQ60801
99113,PORTABLE QFRE NCR,-25.51,152.72,11,IDQ60801
99114,PORTABLE QFRF CR,-23.82,150.82,37,IDQ60801
99115,PORTABLE QFRG NR,-19.2,146.52,30,IDQ60801
99117,PORTABLE QFRH FNR,-16.95,145.75,715,IDQ60801
99118,PORTABLE RFSNSW09,-31.81,151.59,953,IDN60801
99122,PORTABLE QFRI (Inglewood),-28.42,151.1,286,IDQ60801
99123,PORTABLE QFRJ (North Tamborine),-27.94,153.19,527,IDQ60801
99124,PORTABLE QFRK (Ravenshoe),-17.61,145.49,922,IDQ60801
99125,PORTABLE QFRL (Mt Fox),-18.82,145.79,645,IDQ60801
99132,PORTABLE RFSNSW19,-36.19,149.71,156,IDN60801
99133,PORTABLE RFSNSW20,-31.04,149.37,583,IDN60801
99137,TFS A,-41.08,145.89,359,IDT60801
99139,TFS C,-41.48,147.17,746,IDT60801
99140,PWS A,-41.66,144.93,323,IDT60801
99141,PWS B,-42.71,145.94,35,IDT60801
99142,PWS C,-43.42,146.15,25,IDT60801
99145,ACT PCS1,-35.41,148.9,1338,IDN60801:IDN60903
99146,ACT PCS2,-35.33,149.05,552,IDN60801:IDN60903
99148,Davey Gorge (PWS),-43.15,145.95,50,IDT60801
99151,Dove River (PWS),-41.6,145.97,50,IDT60801
99206,Lombadina,-16.52,122.92,42,IDW60701:IDW60801
99217,Solomon Airport,-22.25,117.85,611.47,IDW60801
99218,Cowley Beach (Defence),-17.69,146.11,4.25,IDQ60701:IDQ60801
99255,Colpoys Point,-32.23,115.7,3,IDW60701:IDW60801:IDW60901
99312,Coondewanna,-22.96,118.81,697.63,IDW60801
99313,Barimunya,-22.67,119.16,629.17,IDW60801
99367,Hay Point,-21.29,149.3,7,IDQ60701:IDQ60801
99400,Degrussa Aerodrome,-25.56,119.29,550.91,IDW60801
99434,Mount Keith,-27.29,120.55,542.33,IDW60801
99435,Wellcamp Airport,-27.55,151.78,436.98,IDQ60801:IDQ60901
99501,Gunn Point,-12.25,131.04,25,IDD60701
99510,Charles Point,-12.39,130.63,14,IDD60701:IDD60801:IDD60901
99736,Fortescue Dave Forrest,-22.29,119.43,474.6,IDW60801
99737,Christmas Creek,-22.36,119.65,437.21,IDW60801
99738,Singleton (Defence),-32.7,151.16,125,IDN60801
99742,High Range (Wanganderry),-34.33,150.27,813.6,IDN60801
99749,Port Pirie Airport AWS,-33.24,138,12,IDS60701:IDS60801
99752,PORTABLE RFSNSW10,-33.37,150.75,282,IDN60801
99756,PORTABLE RFSNSW14,-36.69,149.84,274,IDN60801
99762,Tidbinbilla,-35.46,148.94,883,IDN60801:IDN60903
99763,Mullion,-35.11,148.85,750,IDN60801:IDN60903
99764,Kowen Forest,-35.31,149.32,720,IDN60801:IDN60903
99765,Gudgenby,-35.73,148.98,1035,IDN60801:IDN60903
99786,PORTABLE RFSNSW15,-35.35,149.25,40,IDN60801
99789,PORTABLE RFSNSW17,-29.91,153.13,330,IDN60801
99791,PORTABLE RFSNSW52,-35.49,146.97,146,IDN60801
99792,PORTABLE RFSNSW53,-34.44,146.9,205,IDN60801
99794,TFS D,-42.88,147.33,40,IDT60801
99795,PORTABLE VPHA (DELWP),-37.83,144.86,256,IDV60801
99796,PORTABLE VPHB (DELWP),-37.83,144.86,837,IDV60801
99806,Warragul (Nilma North),-38.13,145.99,134.11,IDV60801
99809,PORTABLE VPHC (DELWP),-37.83,144.86,100,IDV60801
99810,PORTABLE VPHD (DELWP),-37.83,144.86,100,IDV60801
99811,PORTABLE VPHE (DELWP),-37.83,144.86,100,IDV60801
99812,PORTABLE VPHF (DELWP),-37.83,144.86,100,IDV60801
99975,Mueller Ridge,-42.8,146.4,790,IDT60801
99976,Razorback,-43.15,146.44,378,IDT60801
99977,Upper Russell,-42.93,146.74,668,IDT60801
99997,PORTABLE RFSNSW55,-33.67,150.56,410,IDN60801
99998,PORTABLE RFSNSW51,-35.49,146.97,228,IDN60801
99999,PORTABLE NPWS NSW02,-33.1,150.07,983,IDN60801
